{"cameraMode":{"drawMode":0,"name":"Shaded","section":"Shading Mode"},"sceneLighting":true,"audioPlay":false,"sceneViewState":{"showFog":true,"showMaterialUpdate":false,"showSkybox":true,"showFlares":true,"showImageEffects":true,"showParticleSystems":true},"in2DMode":false,"pivot":{"x":0.16151654720306397,"y":1.2646636962890626,"z":18.333223342895509},"rotation":{"x":0.308387815952301,"y":-0.0037079027388244869,"z":0.0012020180001854897,"w":0.9512532353401184},"size":39.77265930175781,"orthographic":true}