{"cameraMode":{"drawMode":0,"name":"Shaded","section":"Shading Mode"},"sceneLighting":false,"audioPlay":false,"sceneViewState":{"showFog":true,"showMaterialUpdate":false,"showSkybox":false,"showFlares":true,"showImageEffects":true,"showParticleSystems":true},"in2DMode":false,"pivot":{"x":0.0076323747634887699,"y":0.7880209684371948,"z":0.018109560012817384},"rotation":{"x":0.3967754542827606,"y":0.000552671030163765,"z":-0.0002380856458330527,"w":0.9179180264472961},"size":22.0,"orthographic":true}